{
  "src": [
    "sounds.webm",
    "sounds.mp3"
  ],
  "sprite": {
    "jump": [
      0,
      783.6734693877551
    ],
    "OKANDI_CMWIF_M8": [
      2000,
      259715.78231292518
    ],
    "run": [
      263000,
      313.4693877551058
    ]
  }
}